 PEER Ground Motion Database, Time Series Search Report -- NGA-West2 -- 2020-02-03,,,,,,,,,,,,,,,,,,,,,,,,,,,,,,,,
,,,,,,,,,,,,,,,,,,,,,,,,,,,,,,,,,
,,,,,,,,,,,,,,,,,,,,,,,,,,,,,,,,,
 -- Summary of Metadata of Selected Records --,,,,,,,,,,,,,,,,,,,,,,,,,,,,,,,,,
Result ID, Spectral Ordinate, Record Sequence Number, Mean Squared Error, Scale Factor, Tp-Pulse Period (sec), 5-75% Duration (sec), 5-95% Duration (sec), Arias Intensity (m/sec), Earthquake Name, Year, Station Name, Magnitude, Mechanism, Rjb (km), Rrup (km), Vs30 (m/sec), Lowest Useable Frequency (Hz), Initial-search Scale Factor, Horizontal-1 Acc. Filename, Horizontal-2 Acc. Filename, Vertical Acc. Filename,,,,,,,,,,,,
1, SRSS,6,0.0091,0.8486, -,17.7,24.2,1.6," ""Imperial Valley-02""",1940," ""El Centro Array #9""",6.95, strike slip,6.09,6.09,213.44,0.25,0.8539, RSN6_IMPVALL.I_I-ELC180.AT2, RSN6_IMPVALL.I_I-ELC270.AT2 , RSN6_IMPVALL.I_I-ELC-UP.AT2  ,,,,,,,,,,,,
2, SRSS,266,0.0205,1.6928, -,10.9,19,0.4," ""Victoria_ Mexico""",1980," ""Chihuahua""",6.33, strike slip,18.53,18.96,242.05,0.0625,1.7033, RSN266_VICT_CHI102.AT2, RSN266_VICT_CHI192.AT2 , RSN266_VICT_CHIDWN.AT2  ,,,,,,,,,,,,
3, SRSS,461,0.0151,0.9143, -,8.9,15.3,0.9," ""Morgan Hill""",1984," ""Halls Valley""",6.19, strike slip,3.45,3.48,281.61,0.25,0.9199, RSN461_MORGAN_HVR150.AT2, RSN461_MORGAN_HVR240.AT2 , RSN461_MORGAN_HVR-UP.AT2  ,,,,,,,,,,,,
4, SRSS,4098,0.0181,0.7484,1.33,2.8,7.1,0.6," ""Parkfield-02_ CA""",2004," ""Parkfield - Cholame 1E""",6, strike slip,1.66,3,326.64,0.1625,0.7531, RSN4098_PARK2004_C01090.AT2, RSN4098_PARK2004_C01360.AT2 , RSN4098_PARK2004_C01-UP.AT2  ,,,,,,,,,,,,
5, SRSS,5823,0.0125,0.9239, -,26.8,51.2,2.3," ""El Mayor-Cucapah_ Mexico""",2010," ""Chihuahua""",7.2, strike slip,18.21,19.47,242.05,0.075,0.9296, RSN5823_SIERRA.MEX_CHI000.AT2, RSN5823_SIERRA.MEX_CHI090.AT2 , RSN5823_SIERRA.MEX_CHI--V.AT2  ,,,,,,,,,,,,
6, SRSS,6890,0.0202,0.8645, -,9,20,1.1," ""Darfield_ New Zealand""",2010," ""Christchurch Cashmere High School""",7, strike slip,17.64,17.64,204,0.075,0.8699, RSN6890_DARFIELD_CMHSN10E.AT2, RSN6890_DARFIELD_CMHSS80E.AT2 , RSN6890_DARFIELD_CMHSUP.AT2  ,,,,,,,,,,,,
7, SRSS,140,0.1366,2.6295, -,20.5,24.2,0.2," ""Tabas_ Iran""",1978," ""Ferdows""",7.35, Reverse,89.76,91.14,302.64,0.15625,2.7627, RSN140_TABAS_FER-L1.AT2, RSN140_TABAS_FER-T1.AT2 , RSN140_TABAS_FER-V1.AT2  ,,,,,,,,,,,,
8, SRSS,836,0.0789,2.218, -,12.3,25.7,0.3," ""Landers""",1992," ""Baker Fire Station""",7.28, strike slip,87.94,87.94,324.62,0.1,2.3304, RSN836_LANDERS_BAK050.AT2, RSN836_LANDERS_BAK140.AT2 , RSN836_LANDERS_BAK-UP.AT2  ,,,,,,,,,,,,
9, SRSS,841,0.0853,2.0894, -,9.6,14.1,0.2," ""Landers""",1992," ""Boron Fire Station""",7.28, strike slip,89.69,89.69,291.03,0.07,2.1952, RSN841_LANDERS_BFS000.AT2, RSN841_LANDERS_BFS090.AT2 , RSN841_LANDERS_BFS-UP.AT2  ,,,,,,,,,,,,
10, SRSS,1454,0.1711,2.3788, -,18.5,29.1,0.4," ""Chi-Chi_ Taiwan""",1999," ""TAP090""",7.62, Reverse Oblique,103.65,105.56,324.38,0.0375,2.4993, RSN1454_CHICHI_TAP090-N.AT2, RSN1454_CHICHI_TAP090-E.AT2 , RSN1454_CHICHI_TAP090-V.AT2  ,,,,,,,,,,,,
11, SRSS,5883,0.0752,2.3174, -,11,27.3,0.2," ""El Mayor-Cucapah_ Mexico""",2010," ""La Quinta - Bermudas & Durango""",7.2, strike slip,123.97,124,360.32,0.0375,2.4348, RSN5883_SIERRA.MEX_LQB360.AT2, RSN5883_SIERRA.MEX_LQB090.AT2 , RSN5883_SIERRA.MEX_LQB-UP.AT2  ,,,,,,,,,,,,
,,,,,,,,,,,,,,,,,,,,,,,,,,,,,,,,,
 These records were obtained from the NGA-West2 On-Line Ground-Motion Database Tool,,,,,,,,,,,,,,,,,,,,,,,,,,,,,,,,,
 These records are UNSCALED, AS RECORDED,,,,,,,,,,,,,,,,,,,,,,,,,,,,,,,,
 Filename Extension: ,,,,,,,,,,,,,,,,,,,,,,,,,,,,,,,,,
   ,AT2 = Acceleration,,,,,,,,,,,,,,,,,,,,,,,,,,,,,,,,
   ,VT2 = Velocity,,,,,,,,,,,,,,,,,,,,,,,,,,,,,,,,
   ,DT2 = Displacement,,,,,,,,,,,,,,,,,,,,,,,,,,,,,,,,
 The users of the NGA-West2 databases, flatfiles, models and reports are requested to acknowledge the Pacific Earthquake Engineering Research Center (PEER) in their work and publications.,,,,,,,,,,,,,,,,,,,,,,,,,,,,,,,
,,,,,,,,,,,,,,,,,,,,,,,,,,,,,,,,,
 -- Scaled Spectra used in Search & Scaling --,,,,,,,,,,,,,,,,,,,,,,,,,,,,,,,,,
Period (sec),RSN-6 SRSS pSa (g),RSN-266 SRSS pSa (g),RSN-461 SRSS pSa (g),RSN-4098 SRSS pSa (g),RSN-5823 SRSS pSa (g),RSN-6890 SRSS pSa (g),RSN-140 SRSS pSa (g),RSN-836 SRSS pSa (g),RSN-841 SRSS pSa (g),RSN-1454 SRSS pSa (g),RSN-5883 SRSS pSa (g),,,,,,,,,,,,,,,,,,,,,,
0.01,0.29910462,0.30577761,0.3192417,0.4278979,0.29352953,0.29401978,0.37368682,0.33812622,0.31314278,0.39206546,0.28069878,,,,,,,,,,,,,,,,,,,,,,
0.02,0.29810486,0.30467083,0.32089673,0.43220572,0.29718934,0.29599416,0.37600313,0.34020127,0.31491284,0.39240589,0.28181428,,,,,,,,,,,,,,,,,,,,,,
0.022,0.29826242,0.30492115,0.32210676,0.42541943,0.29954062,0.30014361,0.38702021,0.34533657,0.31599515,0.39246598,0.28251952,,,,,,,,,,,,,,,,,,,,,,
0.025,0.29850137,0.30765241,0.32230756,0.43692784,0.29958471,0.29965769,0.38862852,0.34948715,0.32082147,0.3924109,0.28291133,,,,,,,,,,,,,,,,,,,,,,
0.029,0.29887616,0.30804855,0.32239292,0.44689372,0.32957436,0.30739082,0.37449821,0.34128768,0.3207313,0.39309229,0.28317563,,,,,,,,,,,,,,,,,,,,,,
0.03,0.29899088,0.30906973,0.32288198,0.44633018,0.32999362,0.30492127,0.38176385,0.33985171,0.32181046,0.39324281,0.28472,,,,,,,,,,,,,,,,,,,,,,
0.032,0.29925303,0.31472887,0.32217046,0.44416067,0.32195581,0.30713728,0.37485155,0.3379265,0.32069314,0.39314608,0.28873977,,,,,,,,,,,,,,,,,,,,,,
0.035,0.29965578,0.31678444,0.32010733,0.46163971,0.33753299,0.31561546,0.38975989,0.3366711,0.31783205,0.39304652,0.29330907,,,,,,,,,,,,,,,,,,,,,,
0.036,0.29981401,0.31849161,0.32336831,0.47514374,0.34293834,0.31949548,0.39478941,0.33584094,0.3183205,0.39352199,0.2938279,,,,,,,,,,,,,,,,,,,,,,
0.04,0.30058365,0.32754907,0.33806159,0.51468863,0.36236941,0.33908375,0.38692995,0.33959659,0.31887577,0.39562418,0.28804851,,,,,,,,,,,,,,,,,,,,,,
0.042,0.3010162,0.33444657,0.33987666,0.53069884,0.35368092,0.35427136,0.39247568,0.34258042,0.32009819,0.39549783,0.29367075,,,,,,,,,,,,,,,,,,,,,,
0.044,0.30138824,0.33888771,0.33895559,0.55595884,0.36181273,0.36529713,0.40327466,0.34375777,0.32106798,0.39641708,0.29954856,,,,,,,,,,,,,,,,,,,,,,
0.045,0.30169233,0.34200744,0.33832916,0.56617902,0.38257319,0.37006919,0.40532942,0.34292314,0.32099999,0.3970744,0.30202738,,,,,,,,,,,,,,,,,,,,,,
0.046,0.30198246,0.34481312,0.34235274,0.57485549,0.39821774,0.3748783,0.40688175,0.34324451,0.32103815,0.39823592,0.30651747,,,,,,,,,,,,,,,,,,,,,,
0.048,0.30231332,0.35099145,0.3628796,0.57826446,0.39547899,0.37741328,0.40597722,0.35118342,0.32104111,0.39825337,0.31678757,,,,,,,,,,,,,,,,,,,,,,
0.05,0.30247896,0.35729974,0.37705623,0.56480961,0.36286066,0.36840862,0.40971592,0.35256436,0.32253442,0.3981029,0.32080507,,,,,,,,,,,,,,,,,,,,,,
0.055,0.30402012,0.39412474,0.35225151,0.59314932,0.36690479,0.35003033,0.43068122,0.37862853,0.33630808,0.39754236,0.32339845,,,,,,,,,,,,,,,,,,,,,,
0.06,0.32172042,0.44718618,0.36916493,0.58565797,0.38682245,0.34482069,0.44157742,0.39186238,0.34054408,0.40232593,0.3260053,,,,,,,,,,,,,,,,,,,,,,
0.065,0.33958511,0.51420842,0.40762901,0.54924684,0.4348502,0.3646763,0.49302689,0.43253782,0.3409819,0.40201994,0.33402998,,,,,,,,,,,,,,,,,,,,,,
0.067,0.33965735,0.49460134,0.42511171,0.54496313,0.44267198,0.37026142,0.50415111,0.44968443,0.35199293,0.40422472,0.33546845,,,,,,,,,,,,,,,,,,,,,,
0.07,0.34294982,0.47683107,0.45909176,0.54485228,0.43371084,0.39412769,0.51289199,0.46636512,0.35944347,0.40759018,0.34986939,,,,,,,,,,,,,,,,,,,,,,
0.075,0.37310221,0.49273756,0.50705738,0.53213104,0.48935495,0.39882087,0.54378574,0.43430009,0.34688333,0.40375399,0.36968445,,,,,,,,,,,,,,,,,,,,,,
0.08,0.42333965,0.49718447,0.5250708,0.49938736,0.50918877,0.39200902,0.57239605,0.48226058,0.37647561,0.40487334,0.38889559,,,,,,,,,,,,,,,,,,,,,,
0.085,0.44338842,0.47596807,0.53312012,0.4903189,0.5298899,0.43661998,0.58403641,0.50321766,0.38657636,0.40412116,0.36949372,,,,,,,,,,,,,,,,,,,,,,
0.09,0.47210319,0.48280622,0.5791894,0.54214609,0.52794531,0.46055122,0.64338952,0.5744311,0.37979132,0.3977011,0.38513354,,,,,,,,,,,,,,,,,,,,,,
0.095,0.51379827,0.49672277,0.59136006,0.52441542,0.56082292,0.49397311,0.66956278,0.63058277,0.37129645,0.40049501,0.4206439,,,,,,,,,,,,,,,,,,,,,,
0.1,0.55764406,0.48870821,0.56813535,0.53150198,0.71550315,0.48257315,0.68208757,0.62792767,0.39760437,0.39825803,0.44038732,,,,,,,,,,,,,,,,,,,,,,
0.11,0.54826996,0.51539761,0.56190248,0.66547778,0.62153232,0.57580492,0.65306015,0.59136274,0.38031333,0.41783562,0.50962953,,,,,,,,,,,,,,,,,,,,,,
0.12,0.62707086,0.58783155,0.57928873,0.71936269,0.64325022,0.61534753,0.9414399,0.65316127,0.49634861,0.41060597,0.50616759,,,,,,,,,,,,,,,,,,,,,,
0.13,0.75723693,0.65934315,0.64473188,0.77308609,0.62955862,0.64685465,0.96804747,0.56507905,0.58390208,0.41681471,0.56475677,,,,,,,,,,,,,,,,,,,,,,
0.133,0.76186385,0.67092518,0.66947049,0.81779731,0.68343604,0.63702311,0.95388318,0.55643618,0.58071394,0.42937778,0.54948682,,,,,,,,,,,,,,,,,,,,,,
0.14,0.6987764,0.64527552,0.69868965,0.84725524,0.79133458,0.58012073,0.88384482,0.59003159,0.56085689,0.44673978,0.55091596,,,,,,,,,,,,,,,,,,,,,,
0.15,0.64892127,0.65316309,0.67315642,0.84813303,0.76286264,0.62050886,1.06750307,0.69968847,0.5245454,0.42162008,0.57249094,,,,,,,,,,,,,,,,,,,,,,
0.16,0.60144135,0.62311217,0.69067065,0.86753504,0.69414208,0.62946908,0.93742685,0.75141064,0.51384983,0.41687176,0.67040559,,,,,,,,,,,,,,,,,,,,,,
0.17,0.7332276,0.59997979,0.67356695,0.92765147,0.78330711,0.65703084,0.88278222,0.77498296,0.54897525,0.41917864,0.80549869,,,,,,,,,,,,,,,,,,,,,,
0.18,0.73318762,0.57156107,0.62291541,0.85870511,0.77560068,0.67508835,0.80531905,0.68180575,0.60055674,0.44202379,0.9116935,,,,,,,,,,,,,,,,,,,,,,
0.19,0.69535362,0.60220127,0.61086227,0.77207571,0.88284105,0.71208272,0.90843382,0.76885913,0.642038,0.45649582,0.92329638,,,,,,,,,,,,,,,,,,,,,,
0.2,0.68566929,0.62372786,0.62074398,0.79233078,0.80958757,0.69449442,0.91531819,0.81489956,0.69833471,0.44674259,0.86204183,,,,,,,,,,,,,,,,,,,,,,
0.22,0.7661394,0.78900735,0.6851816,0.82454765,0.75337542,0.78251424,0.9296213,1.01400662,0.61515636,0.50503628,0.80793989,,,,,,,,,,,,,,,,,,,,,,
0.24,0.78467762,0.73332196,0.70659717,0.75065024,0.76544876,0.72122782,1.04348348,1.0294735,0.52010693,0.56731065,0.75094033,,,,,,,,,,,,,,,,,,,,,,
0.25,0.82845099,0.72311133,0.70736422,0.72061162,0.68751334,0.76177066,0.93210159,1.0074352,0.49575219,0.56811823,0.77685702,,,,,,,,,,,,,,,,,,,,,,
0.26,0.79798614,0.72243382,0.70448765,0.69110846,0.64327615,0.82284035,0.83650469,1.09427531,0.50449571,0.50768691,0.82986098,,,,,,,,,,,,,,,,,,,,,,
0.28,0.70737512,0.64232152,0.69278583,0.65141296,0.74468704,0.89505982,0.9309662,1.00819596,0.60628741,0.51358476,1.01185816,,,,,,,,,,,,,,,,,,,,,,
0.29,0.67507832,0.61619456,0.69022601,0.64562483,0.77751408,0.85016539,0.89095707,0.88667132,0.64648905,0.55894407,1.04583578,,,,,,,,,,,,,,,,,,,,,,
0.3,0.66385412,0.70109406,0.65035833,0.63654408,0.75161679,0.76021077,0.83074125,0.7547638,0.68353559,0.59436284,1.07889646,,,,,,,,,,,,,,,,,,,,,,
0.32,0.68484659,0.78105594,0.65214863,0.60086694,0.59702875,0.60440527,0.98918619,0.88362753,0.65946315,0.61913114,1.14671433,,,,,,,,,,,,,,,,,,,,,,
0.34,0.60608814,0.87455562,0.62424264,0.57376274,0.6060614,0.58023218,0.91035569,0.81420005,0.68670235,0.59600073,1.06821918,,,,,,,,,,,,,,,,,,,,,,
0.35,0.61526228,0.85270164,0.59442329,0.56806697,0.60715754,0.60626136,0.80628398,0.76216391,0.69441077,0.61347665,0.99260426,,,,,,,,,,,,,,,,,,,,,,
0.36,0.67633707,0.81082912,0.60651658,0.56670447,0.62695847,0.64893902,0.74922234,0.73834344,0.70647095,0.64405474,0.93174307,,,,,,,,,,,,,,,,,,,,,,
0.38,0.70550923,0.74992882,0.59198429,0.57207969,0.60499024,0.65266623,0.68052195,0.70059752,0.66935646,0.6471429,0.83751575,,,,,,,,,,,,,,,,,,,,,,
0.4,0.71046664,0.69478895,0.59375774,0.58164403,0.59279604,0.7007527,0.69244091,0.74690582,0.58764806,0.68434054,0.75706656,,,,,,,,,,,,,,,,,,,,,,
0.42,0.64590941,0.71338818,0.6781216,0.59312671,0.65160882,0.77986062,0.65724844,0.81744343,0.56810661,0.76220663,0.68367686,,,,,,,,,,,,,,,,,,,,,,
0.44,0.75085163,0.74784255,0.72097895,0.61296624,0.66945178,0.82376935,0.63425603,0.84455406,0.52526275,0.77239585,0.62090539,,,,,,,,,,,,,,,,,,,,,,
0.45,0.80353578,0.71608554,0.75518103,0.62542141,0.68666394,0.84301245,0.63155893,0.8331534,0.54224814,0.76793581,0.57304178,,,,,,,,,,,,,,,,,,,,,,
0.46,0.82481484,0.66255748,0.76632134,0.63286175,0.69994051,0.85854753,0.6251689,0.80262657,0.55353058,0.75315777,0.51599148,,,,,,,,,,,,,,,,,,,,,,
0.48,0.78237182,0.6089374,0.782274,0.63959273,0.76013507,0.870233,0.58864966,0.75495133,0.60131727,0.73164561,0.46068151,,,,,,,,,,,,,,,,,,,,,,
0.5,0.76467976,0.64963975,0.79419103,0.64893405,0.77909402,0.90120429,0.6107288,0.67452797,0.60499923,0.76014552,0.43733121,,,,,,,,,,,,,,,,,,,,,,
0.55,0.78212658,0.74016634,0.88830217,0.66239241,0.70708118,0.81734921,0.4440486,0.53946149,0.79313627,0.7405219,0.57213009,,,,,,,,,,,,,,,,,,,,,,
0.6,0.66708822,0.93772199,0.83286675,0.67954127,0.54344846,0.73668067,0.4641855,0.4683829,0.88105625,0.8045515,0.6684854,,,,,,,,,,,,,,,,,,,,,,
0.65,0.56614307,0.97669664,0.78412899,0.67267635,0.55495618,0.64582711,0.4219208,0.4080169,0.86953041,1.09881358,0.47885623,,,,,,,,,,,,,,,,,,,,,,
0.667,0.55871449,0.90676396,0.77110812,0.66490261,0.58373109,0.62937569,0.39914552,0.38532075,0.88660783,1.14924082,0.44805403,,,,,,,,,,,,,,,,,,,,,,
0.7,0.5968939,0.72704649,0.76676444,0.6440921,0.64484285,0.66123746,0.40343222,0.38309543,0.94968604,1.18633763,0.43034264,,,,,,,,,,,,,,,,,,,,,,
0.75,0.52245349,0.54593061,0.68399955,0.60605648,0.57507409,0.56376485,0.36541264,0.31171766,1.02718687,1.08267719,0.45956171,,,,,,,,,,,,,,,,,,,,,,
0.8,0.56697325,0.53131026,0.67885754,0.5707089,0.5684376,0.46133644,0.32148479,0.32846121,1.00100886,0.99902481,0.46946512,,,,,,,,,,,,,,,,,,,,,,
0.85,0.55882516,0.50946031,0.62695546,0.55344651,0.60173361,0.39553931,0.28092007,0.30772018,0.88987833,0.89720786,0.480889,,,,,,,,,,,,,,,,,,,,,,
0.9,0.50986532,0.48195838,0.54101089,0.53266345,0.5344089,0.40460565,0.2143012,0.32585664,0.79858911,0.95014733,0.38876968,,,,,,,,,,,,,,,,,,,,,,
0.95,0.4889537,0.47373676,0.48542182,0.51107904,0.50452485,0.52505897,0.19134123,0.33653267,0.68138356,0.95751808,0.34535514,,,,,,,,,,,,,,,,,,,,,,
1,0.46352459,0.44261055,0.41516805,0.50842085,0.47085192,0.52396361,0.16417605,0.31266454,0.56306621,1.01014641,0.28640835,,,,,,,,,,,,,,,,,,,,,,
1.1,0.39123674,0.4318482,0.41359055,0.44585977,0.36810493,0.41107094,0.13920032,0.22804699,0.44730749,1.03044255,0.2361307,,,,,,,,,,,,,,,,,,,,,,
1.2,0.40459918,0.51841167,0.32305215,0.38820731,0.40115502,0.31821519,0.14221722,0.21495487,0.30831592,1.05578358,0.19999825,,,,,,,,,,,,,,,,,,,,,,
1.3,0.33766412,0.48706101,0.24572954,0.33545072,0.43246566,0.26519723,0.13121101,0.28050959,0.25305989,0.82609218,0.12763701,,,,,,,,,,,,,,,,,,,,,,
1.4,0.24401062,0.42856328,0.22038879,0.28797185,0.39444299,0.2184823,0.09555373,0.31136702,0.25866843,0.6768052,0.09952608,,,,,,,,,,,,,,,,,,,,,,
1.5,0.21073511,0.43940178,0.18878033,0.24906677,0.29553874,0.22373989,0.08784568,0.28643891,0.2268791,0.58941601,0.09413018,,,,,,,,,,,,,,,,,,,,,,
1.6,0.21052154,0.4544722,0.15262773,0.22822285,0.19855356,0.22742488,0.08330328,0.33646493,0.20158119,0.50606941,0.08194697,,,,,,,,,,,,,,,,,,,,,,
1.7,0.21806223,0.42248575,0.12920514,0.20773776,0.19879247,0.23340146,0.07250708,0.37496188,0.18447179,0.46263786,0.07004979,,,,,,,,,,,,,,,,,,,,,,
1.8,0.22526851,0.39161102,0.11312865,0.18554761,0.20051741,0.24468483,0.06386485,0.288931,0.14214323,0.45893724,0.05374111,,,,,,,,,,,,,,,,,,,,,,
1.9,0.23992959,0.35907041,0.10434574,0.16316784,0.16086378,0.24934967,0.07166612,0.21694983,0.12828803,0.43380139,0.04817582,,,,,,,,,,,,,,,,,,,,,,
2,0.25580558,0.37182233,0.0944536,0.14407838,0.17157678,0.2459205,0.07021803,0.19165517,0.1276706,0.41946655,0.03991697,,,,,,,,,,,,,,,,,,,,,,
2.2,0.22293753,0.35416709,0.06892789,0.10953476,0.18590368,0.25911353,0.05086014,0.1436865,0.12910469,0.36566767,0.02725899,,,,,,,,,,,,,,,,,,,,,,
2.4,0.18484551,0.3110478,0.06604728,0.08813402,0.16927792,0.24969177,0.04594568,0.14533347,0.10680698,0.27795605,0.02250637,,,,,,,,,,,,,,,,,,,,,,
2.5,0.1675246,0.28350814,0.06388466,0.07980769,0.18164419,0.23182038,0.04314968,0.13296293,0.08938922,0.25450827,0.01917505,,,,,,,,,,,,,,,,,,,,,,
2.6,0.15555369,0.24476352,0.05778028,0.07198411,0.16922334,0.20864172,0.03925168,0.10893488,0.07564494,0.23479784,0.01712483,,,,,,,,,,,,,,,,,,,,,,
2.8,0.14354944,0.19520353,0.04358122,0.05950976,0.16170913,0.16022003,0.04291309,0.09774684,0.05893336,0.19181897,0.01465822,,,,,,,,,,,,,,,,,,,,,,
3,0.127569,0.17869613,0.03613277,0.05005185,0.13686781,0.13906361,0.05212118,0.0857158,0.05124427,0.16381555,0.01327432,,,,,,,,,,,,,,,,,,,,,,
3.2,0.1043149,0.19668856,0.02560693,0.04236304,0.14244264,0.12689808,0.05482696,0.09280555,0.04613705,0.14607022,0.01285299,,,,,,,,,,,,,,,,,,,,,,
3.4,0.09000665,0.22231703,0.02445869,0.03610941,0.13535837,0.12482502,0.05551741,0.09937602,0.04384119,0.14068605,0.01239583,,,,,,,,,,,,,,,,,,,,,,
3.5,0.08483205,0.22205851,0.0238238,0.03343084,0.13477206,0.12393805,0.05619545,0.10419353,0.04309041,0.13986813,0.01166024,,,,,,,,,,,,,,,,,,,,,,
3.6,0.07983742,0.21350477,0.02261825,0.03101192,0.1323304,0.12181382,0.05636036,0.10906704,0.04236482,0.13778768,0.01064926,,,,,,,,,,,,,,,,,,,,,,
3.8,0.07046961,0.19289857,0.02046127,0.02737351,0.12161928,0.11444526,0.05329383,0.11055402,0.0467216,0.12848782,0.00882305,,,,,,,,,,,,,,,,,,,,,,
4,0.06212238,0.17590807,0.02154236,0.02485249,0.10868328,0.10385426,0.05962436,0.09749723,0.05380624,0.11437778,0.0093145,,,,,,,,,,,,,,,,,,,,,,
4.2,0.05486366,0.16504657,0.02132568,0.0226284,0.11015103,0.09202489,0.070163,0.08300811,0.05800976,0.10448097,0.00992907,,,,,,,,,,,,,,,,,,,,,,
4.4,0.04848024,0.17054723,0.01983125,0.02066207,0.11695168,0.08102394,0.07356147,0.07411891,0.05890595,0.10210891,0.01048483,,,,,,,,,,,,,,,,,,,,,,
4.6,0.04491472,0.17472106,0.01773791,0.0189201,0.13576252,0.07380467,0.07185463,0.06248782,0.0565639,0.09557429,0.01027367,,,,,,,,,,,,,,,,,,,,,,
4.8,0.04615086,0.1651377,0.01534703,0.01737492,0.14175573,0.06788455,0.06275894,0.05332516,0.05196085,0.08834883,0.0102094,,,,,,,,,,,,,,,,,,,,,,
5,0.05085807,0.14002358,0.01296583,0.01599862,0.14023719,0.06238341,0.05090932,0.04878834,0.0478508,0.08322619,0.01034425,,,,,,,,,,,,,,,,,,,,,,
5.5,0.0476775,0.08759935,0.0085776,0.01316529,0.11591493,0.05029317,0.0372506,0.04047497,0.03082486,0.07166745,0.01087383,,,,,,,,,,,,,,,,,,,,,,
6,0.03959911,0.05769346,0.00675618,0.01099761,0.10950756,0.0476148,0.02991325,0.03404645,0.02607778,0.0654582,0.011643,,,,,,,,,,,,,,,,,,,,,,
6.5,0.0311792,0.04690229,0.00626263,0.0093107,0.10819315,0.04627849,0.0306674,0.03579212,0.02857565,0.05582226,0.01100791,,,,,,,,,,,,,,,,,,,,,,
7,0.02766943,0.04239633,0.00622269,0.00797697,0.12082973,0.04783045,0.02844361,0.03833749,0.0307728,0.04422734,0.01212778,,,,,,,,,,,,,,,,,,,,,,
7.5,0.02352184,0.04863847,0.0061776,0.00690654,0.12538238,0.04775356,0.02136367,0.04019356,0.03202495,0.04125102,0.01369677,,,,,,,,,,,,,,,,,,,,,,
8,0.02023772,0.04970398,0.00597883,0.00603595,0.12714819,0.04518903,0.01904866,0.0402876,0.03214517,0.03731418,0.01453977,,,,,,,,,,,,,,,,,,,,,,
8.5,0.01687278,0.04559781,0.00563181,0.00531901,0.11844993,0.04067835,0.01804494,0.03650935,0.02994549,0.03353125,0.0150301,,,,,,,,,,,,,,,,,,,,,,
9,0.01376889,0.04538302,0.0051863,0.00472216,0.10605443,0.03505377,0.01652515,0.0331271,0.0260262,0.02935855,0.015377,,,,,,,,,,,,,,,,,,,,,,
9.5,0.01107111,0.04652318,0.00469829,0.00422021,0.09882405,0.03067357,0.01505351,0.03053425,0.02162253,0.02628875,0.01500164,,,,,,,,,,,,,,,,,,,,,,
10,0.00880886,0.04480075,0.00420993,0.00379414,0.08892295,0.02781513,0.01393441,0.02721952,0.01993157,0.02413542,0.01469134,,,,,,,,,,,,,,,,,,,,,,
11,0.00753655,0.03728432,0.00332226,0.00311502,0.06485785,0.02115445,0.01168413,0.02191151,0.01727824,0.02139727,0.01340061,,,,,,,,,,,,,,,,,,,,,,
12,0.00576469,0.02664335,0.00260798,0.00260339,0.05062528,0.01654969,0.00910279,0.01726574,0.0140006,0.01988713,0.01162533,,,,,,,,,,,,,,,,,,,,,,
13,0.00472763,0.01946609,0.00206273,0.00220845,0.03675805,0.0128025,0.00655517,0.01265709,0.01072727,0.01759782,0.01006475,,,,,,,,,,,,,,,,,,,,,,
14,0.00408386,0.01699014,0.00165494,0.00189724,0.02652752,0.01071615,0.00462617,0.00946012,0.00768145,0.01421117,0.00859495,,,,,,,,,,,,,,,,,,,,,,
15,0.00358939,0.01407126,0.00135081,0.00164764,0.02101142,0.00911691,0.00344661,0.00804695,0.00632629,0.01122821,0.00729725,,,,,,,,,,,,,,,,,,,,,,
20,0.00207583,0.00576421,0.00062536,0.00091792,0.0076996,0.00420692,0.00181105,0.0033048,0.00268964,0.00585014,0.00314704,,,,,,,,,,,,,,,,,,,,,,
,,,,,,,,,,,,,,,,,,,,,,,,,,,,,,,,,
 -- Unscaled Horizontal & Vertical Spectra, as recorded --,,,,,,,,,,,,,,,,,,,,,,,,,,,,,,,,
Period (sec),RSN-6 Horizontal-1 pSa (g),RSN-6 Horizontal-2 pSa (g),RSN-6 Vertical pSa (g),RSN-266 Horizontal-1 pSa (g),RSN-266 Horizontal-2 pSa (g),RSN-266 Vertical pSa (g),RSN-461 Horizontal-1 pSa (g),RSN-461 Horizontal-2 pSa (g),RSN-461 Vertical pSa (g),RSN-4098 Horizontal-1 pSa (g),RSN-4098 Horizontal-2 pSa (g),RSN-4098 Vertical pSa (g),RSN-5823 Horizontal-1 pSa (g),RSN-5823 Horizontal-2 pSa (g),RSN-5823 Vertical pSa (g),RSN-6890 Horizontal-1 pSa (g),RSN-6890 Horizontal-2 pSa (g),RSN-6890 Vertical pSa (g),RSN-140 Horizontal-1 pSa (g),RSN-140 Horizontal-2 pSa (g),RSN-140 Vertical pSa (g),RSN-836 Horizontal-1 pSa (g),RSN-836 Horizontal-2 pSa (g),RSN-836 Vertical pSa (g),RSN-841 Horizontal-1 pSa (g),RSN-841 Horizontal-2 pSa (g),RSN-841 Vertical pSa (g),RSN-1454 Horizontal-1 pSa (g),RSN-1454 Horizontal-2 pSa (g),RSN-1454 Vertical pSa (g),RSN-5883 Horizontal-1 pSa (g),RSN-5883 Horizontal-2 pSa (g),RSN-5883 Vertical pSa (g)
0.01,0.2817415,0.2117587,0.181,0.1517123,0.09803978,0.0986,0.1562441,0.312276,0.11,0.4428537,0.3616005,0.231,0.2489528,0.1973895,0.281,0.2291615,0.2512973,0.297,0.09481566,0.1058563,0.0535,0.108659,0.1069223,0.0567,0.1193446,0.09066177,0.0539,0.08940732,0.1384579,0.0294,0.1015537,0.06601898,0.0455
0.02,0.2809794,0.2108117,0.178,0.1512824,0.09750016,0.0993,0.1571237,0.3138601,0.11,0.4481347,0.3642311,0.229,0.2531752,0.1984319,0.301,0.2309604,0.2527474,0.324,0.09523772,0.1066606,0.0536,0.109326,0.1075783,0.0573,0.1198279,0.09142552,0.0544,0.08951332,0.1385598,0.0296,0.1020407,0.06615283,0.046
0.022,0.2811229,0.2109298,0.179,0.1515079,0.09742306,0.0998,0.1576916,0.3150559,0.11,0.4386344,0.3615225,0.234,0.255946,0.1990184,0.287,0.2371134,0.2535959,0.328,0.09992669,0.1080607,0.0555,0.1108748,0.1093052,0.0601,0.1206653,0.09117926,0.0542,0.08951622,0.138588,0.0297,0.1023707,0.0662031,0.0462
0.025,0.281343,0.2111056,0.181,0.1516261,0.1001962,0.101,0.1583805,0.314956,0.11,0.4516483,0.3699051,0.239,0.2555281,0.1996322,0.328,0.2322249,0.2573233,0.363,0.09876136,0.1099503,0.0643,0.112367,0.1104568,0.0589,0.1230779,0.09181317,0.054,0.08951209,0.1385631,0.0297,0.1026831,0.06603063,0.0466
0.029,0.2817062,0.2113574,0.184,0.1517102,0.1004932,0.0996,0.1581599,0.3151713,0.111,0.4635631,0.376364,0.26,0.2790721,0.2221969,0.394,0.2390356,0.2632236,0.43,0.09040707,0.1100451,0.0686,0.1066978,0.1108663,0.055,0.122526,0.09247679,0.0538,0.08986212,0.1386778,0.0297,0.1022588,0.0668944,0.0463
0.03,0.2818202,0.2114307,0.185,0.1525989,0.1002415,0.103,0.1574674,0.3161156,0.111,0.4646351,0.3738398,0.262,0.2774978,0.2248814,0.447,0.241149,0.2573881,0.439,0.09387841,0.1107469,0.0717,0.1065184,0.1101398,0.0545,0.1233018,0.0923043,0.0535,0.089876,0.1387442,0.0298,0.1029852,0.06700063,0.046
0.032,0.2820597,0.2116262,0.186,0.1553573,0.1021313,0.111,0.1569456,0.315506,0.11,0.4683895,0.3644232,0.267,0.2663163,0.2247512,0.535,0.2492818,0.25313,0.458,0.09592318,0.1054533,0.0693,0.1076562,0.1078047,0.0578,0.1232971,0.09141551,0.0534,0.08983409,0.1387229,0.0304,0.1052407,0.06669837,0.0461
0.035,0.2824301,0.2119233,0.188,0.157474,0.1011021,0.113,0.1607197,0.3110624,0.11,0.4639851,0.4064184,0.289,0.282809,0.231283,0.518,0.2521292,0.2640291,0.481,0.09846552,0.1107916,0.0733,0.1071464,0.1075138,0.0606,0.1218564,0.09105765,0.0538,0.08980898,0.1386893,0.0309,0.1073361,0.06707063,0.0462
0.036,0.2825787,0.2120359,0.189,0.1586476,0.101139,0.116,0.1624625,0.3141767,0.11,0.4709629,0.4257184,0.289,0.2884158,0.2336627,0.537,0.2545386,0.2679323,0.483,0.09910446,0.1127795,0.0735,0.1066248,0.1075046,0.0615,0.1221986,0.09098989,0.0541,0.09010046,0.1387385,0.0308,0.1070999,0.06786636,0.046
0.04,0.2832355,0.2126716,0.192,0.1655427,0.1001786,0.121,0.1686031,0.3290913,0.111,0.4749244,0.497362,0.303,0.3000536,0.2525979,0.621,0.2754697,0.2792035,0.657,0.09891684,0.1089395,0.0692,0.1087922,0.107731,0.0586,0.1227053,0.09075306,0.0537,0.09039865,0.1395984,0.0318,0.103222,0.06924777,0.0487
0.042,0.2835964,0.2130398,0.194,0.1688107,0.1026475,0.117,0.1675843,0.3318369,0.111,0.4714318,0.5296733,0.359,0.2874879,0.2527843,0.624,0.2979278,0.2813657,0.796,0.09934187,0.1113942,0.0721,0.1099192,0.1085045,0.0611,0.1231808,0.09109406,0.0536,0.09039713,0.1395361,0.0317,0.1063351,0.06893393,0.0487
0.044,0.283963,0.2132817,0.195,0.1719986,0.1024382,0.123,0.1646224,0.3321922,0.112,0.4791945,0.5676071,0.365,0.3058325,0.2446059,0.738,0.2981422,0.299423,0.912,0.09955855,0.1166549,0.0783,0.1092835,0.1098946,0.0656,0.1234994,0.09144383,0.0546,0.09031161,0.1400515,0.0309,0.1101755,0.06759937,0.0487
0.045,0.2841703,0.2136023,0.196,0.1738167,0.1029861,0.126,0.1627608,0.3323455,0.112,0.4819022,0.5831377,0.364,0.3267585,0.2543606,0.771,0.2966258,0.3086281,0.88,0.0988859,0.1182461,0.0816,0.1085454,0.1100959,0.0662,0.1234916,0.09139967,0.055,0.09048078,0.1402712,0.0305,0.1119276,0.06676976,0.0492
0.046,0.2843848,0.2138859,0.197,0.1751092,0.1040558,0.135,0.1635332,0.3368651,0.12,0.481128,0.5987232,0.361,0.3400495,0.2648535,0.826,0.2970865,0.3158657,0.846,0.09831595,0.1194859,0.0838,0.1083183,0.1105223,0.0678,0.1234498,0.0914868,0.0553,0.09071401,0.1407018,0.0301,0.114291,0.06657593,0.0496
0.048,0.2848036,0.2139776,0.199,0.1784067,0.1056507,0.155,0.1747302,0.3563839,0.135,0.4733206,0.6106873,0.345,0.337337,0.2635112,0.973,0.2922504,0.3243036,0.94,0.09943613,0.118106,0.0844,0.1109302,0.112974,0.0682,0.1227489,0.09242743,0.0553,0.09052298,0.1408335,0.0297,0.11854,0.06808118,0.0503
0.05,0.2850278,0.2140041,0.201,0.1826591,0.1057634,0.168,0.191188,0.3654271,0.15,0.4592211,0.5988575,0.319,0.2947819,0.2595359,0.989,0.2752436,0.3253281,0.932,0.09930116,0.1200704,0.083,0.1120765,0.1127166,0.0702,0.1234431,0.09269346,0.0552,0.09031084,0.1408945,0.0304,0.1200923,0.06885924,0.0504
0.055,0.2858795,0.215892,0.203,0.1959008,0.1258152,0.196,0.2122325,0.3215657,0.136,0.5201358,0.5979619,0.36,0.2890117,0.2723693,0.764,0.2697942,0.3018977,0.954,0.09826681,0.1310321,0.0928,0.1240628,0.1172536,0.0732,0.1309268,0.09363347,0.0588,0.09001265,0.1408056,0.0331,0.1211885,0.06919678,0.0536
0.06,0.3122033,0.2150448,0.204,0.1994839,0.1731793,0.175,0.2190188,0.3392279,0.127,0.5536605,0.5529868,0.389,0.3028569,0.2890992,0.927,0.2595693,0.3028391,0.792,0.08841767,0.1427678,0.105,0.1284403,0.1213082,0.0789,0.1312826,0.09659567,0.0606,0.0923472,0.1416921,0.0316,0.1225333,0.06910621,0.0674
0.065,0.3358715,0.2175069,0.237,0.2402851,0.1858322,0.212,0.218895,0.3884273,0.137,0.5358422,0.501433,0.486,0.3637855,0.2986531,0.838,0.2856932,0.3103481,0.652,0.1140808,0.1487956,0.0991,0.1503783,0.1241572,0.0756,0.131997,0.0959739,0.0655,0.0933501,0.1408791,0.0324,0.1252918,0.07126224,0.078
0.067,0.3345165,0.2197402,0.256,0.2360165,0.1722331,0.219,0.2140358,0.4127916,0.138,0.5212241,0.508448,0.569,0.3526652,0.3243487,0.77,0.2868515,0.3180327,0.593,0.1178874,0.1511999,0.0895,0.1591908,0.1255458,0.071,0.139311,0.09473418,0.0695,0.09281267,0.1423415,0.0325,0.1258685,0.07150378,0.0823
0.07,0.3365952,0.2236321,0.267,0.2369356,0.1523334,0.238,0.2102903,0.4559951,0.154,0.5031366,0.5261481,0.601,0.3338874,0.32999,0.696,0.295906,0.34681,0.545,0.1140996,0.1581955,0.082,0.1704174,0.1231557,0.0739,0.1416293,0.09766008,0.0735,0.09235656,0.1443204,0.0338,0.1275487,0.08077611,0.0857
0.075,0.3761707,0.2275563,0.297,0.2545967,0.14109,0.27,0.2519245,0.4940949,0.142,0.4616332,0.5407532,0.586,0.3385994,0.4073071,0.778,0.2826103,0.3646206,0.6,0.1150105,0.1718672,0.0909,0.1549677,0.1196836,0.081,0.1321758,0.1004672,0.0696,0.09359525,0.141591,0.0413,0.1326545,0.08860693,0.0949
0.08,0.4346254,0.2448316,0.297,0.2441622,0.1632387,0.281,0.2597332,0.512228,0.133,0.4264273,0.5132063,0.516,0.3571982,0.4197148,0.841,0.2680263,0.3657471,0.607,0.123212,0.179452,0.0979,0.174559,0.1296286,0.0912,0.1472023,0.1039188,0.068,0.09442039,0.141608,0.043,0.1403959,0.09192953,0.087
0.085,0.4501844,0.265148,0.383,0.2426905,0.14198,0.221,0.3257384,0.4836566,0.16,0.4247821,0.4987567,0.514,0.3695716,0.4385978,0.742,0.2849881,0.4169539,0.583,0.1401092,0.1723382,0.107,0.1694279,0.150886,0.0899,0.1528244,0.1042972,0.0755,0.09308625,0.1421107,0.0432,0.1354823,0.08406366,0.0809
0.09,0.4789456,0.2829869,0.442,0.247703,0.1413794,0.218,0.3761072,0.5097829,0.164,0.4968133,0.5271653,0.515,0.3773677,0.4291094,0.886,0.2964127,0.4426458,0.536,0.1634034,0.1821166,0.124,0.1945571,0.170936,0.115,0.1479504,0.1056065,0.08,0.09044302,0.1406089,0.0407,0.1389367,0.09119438,0.0877
0.095,0.5231172,0.3047888,0.445,0.2474174,0.1577547,0.223,0.3982136,0.5097108,0.18,0.5056899,0.4850193,0.494,0.3600179,0.4887384,0.962,0.3056476,0.4827625,0.455,0.1839191,0.1760988,0.147,0.2115007,0.1899807,0.142,0.1465231,0.1005557,0.0802,0.09213617,0.1409107,0.0446,0.1474496,0.1058607,0.104
0.1,0.579071,0.3105701,0.515,0.2400659,0.1603565,0.248,0.3446093,0.5171137,0.185,0.4969222,0.5073392,0.511,0.4604408,0.6227056,0.901,0.2986252,0.4716014,0.419,0.1829945,0.1838434,0.17,0.216845,0.1820007,0.149,0.1618869,0.1000343,0.0744,0.09411075,0.1384641,0.0456,0.1455298,0.1222065,0.0995
0.11,0.5498539,0.3391802,0.609,0.251599,0.1714519,0.196,0.3254901,0.5213366,0.156,0.6784811,0.5747026,0.477,0.3732551,0.5596897,0.579,0.3209832,0.5835917,0.425,0.1712006,0.1799186,0.142,0.2148731,0.1578396,0.128,0.1482878,0.1055636,0.0787,0.09436283,0.1481494,0.0547,0.1768229,0.1307517,0.104
0.12,0.66808,0.3156762,0.686,0.2953575,0.1826148,0.193,0.3459716,0.5308263,0.169,0.7307012,0.6244316,0.548,0.3798647,0.5834855,0.462,0.3782698,0.6029445,0.485,0.241713,0.2641144,0.164,0.248695,0.1576948,0.141,0.2001303,0.1279966,0.0794,0.09955723,0.1410054,0.0719,0.1557302,0.1531523,0.12
0.13,0.8193496,0.3533298,0.394,0.3290849,0.2083527,0.217,0.3258147,0.6254211,0.176,0.73545,0.7253228,0.598,0.3909222,0.5581362,0.528,0.3728305,0.6487194,0.46,0.2047105,0.3059789,0.202,0.2069921,0.1485251,0.169,0.2376313,0.1470797,0.0719,0.0967781,0.1460685,0.0603,0.1771176,0.167393,0.117
0.133,0.8078151,0.3916247,0.35,0.332294,0.2160209,0.217,0.3352519,0.651006,0.187,0.7672939,0.7779626,0.613,0.4238835,0.6062468,0.51,0.3641813,0.6405644,0.448,0.2187422,0.289386,0.216,0.201024,0.1500817,0.168,0.2325881,0.1521621,0.0772,0.09938389,0.1506768,0.0534,0.173805,0.1612906,0.113
0.14,0.7421414,0.3566705,0.324,0.3338778,0.183926,0.188,0.3678398,0.6698681,0.207,0.8161752,0.7844672,0.629,0.5729186,0.6367103,0.443,0.3732172,0.5576677,0.446,0.2473627,0.2275727,0.209,0.1956493,0.1802373,0.163,0.2159421,0.1594579,0.0923,0.1030867,0.1569773,0.0531,0.1661868,0.169993,0.0973
0.15,0.6490248,0.4043041,0.315,0.3395805,0.1831999,0.188,0.3732137,0.6346927,0.188,0.9085295,0.6773195,0.639,0.5443182,0.6208955,0.435,0.4666191,0.5453726,0.449,0.2885747,0.2855395,0.177,0.2219257,0.2241879,0.152,0.2003009,0.151357,0.102,0.09640855,0.1487259,0.0776,0.1825565,0.1664392,0.0992
0.16,0.5537445,0.4423018,0.273,0.3107521,0.1972973,0.204,0.3947264,0.6441206,0.237,0.8585778,0.7787543,0.593,0.5538768,0.5076528,0.448,0.4931809,0.5356517,0.449,0.2599701,0.2439399,0.144,0.2542134,0.2239255,0.149,0.1922602,0.1533664,0.0997,0.1008313,0.1433299,0.0797,0.1944387,0.2142045,0.0922
0.17,0.7679414,0.395922,0.224,0.2833015,0.2129789,0.172,0.3929467,0.6231995,0.253,0.8394993,0.9118773,0.544,0.5864127,0.6123292,0.385,0.5570241,0.5170268,0.394,0.2283869,0.2460601,0.152,0.2577311,0.2359139,0.154,0.218885,0.1453494,0.0923,0.1081554,0.1391174,0.0711,0.2326635,0.2582337,0.105
0.18,0.7255563,0.4690148,0.213,0.2625556,0.2122873,0.181,0.3669294,0.5740934,0.24,0.7925925,0.8295778,0.531,0.5343151,0.6475027,0.329,0.4894636,0.6084429,0.372,0.1890501,0.2409447,0.141,0.2410814,0.1907075,0.166,0.2470498,0.146923,0.102,0.1072524,0.1517398,0.0564,0.2518862,0.3022029,0.0982
0.19,0.6464255,0.503484,0.214,0.2905216,0.205302,0.198,0.4374464,0.5050445,0.203,0.7931495,0.6596261,0.498,0.5854952,0.7551886,0.316,0.5357365,0.6256402,0.359,0.1885727,0.2894678,0.133,0.2483895,0.2417884,0.15,0.2598701,0.163997,0.098,0.1079725,0.158644,0.0572,0.2458861,0.313493,0.113
0.2,0.6249086,0.5121339,0.226,0.2922242,0.2244237,0.199,0.4542477,0.5046272,0.206,0.8201352,0.6694331,0.449,0.5893443,0.6484933,0.257,0.5691028,0.5669749,0.424,0.2278536,0.2631536,0.0944,0.2793039,0.2386834,0.177,0.2841875,0.1759278,0.109,0.1124541,0.1504103,0.0714,0.2367476,0.2869228,0.111
0.22,0.6910931,0.5808585,0.258,0.3882258,0.2579229,0.203,0.4250858,0.6172254,0.252,0.790334,0.767548,0.346,0.6128166,0.5379561,0.231,0.5966461,0.6806597,0.494,0.2624547,0.2368565,0.0761,0.4003577,0.2207096,0.16,0.2381991,0.173052,0.119,0.1237252,0.1725284,0.0602,0.2449934,0.2480496,0.121
0.24,0.7918026,0.4774656,0.257,0.3422553,0.2655604,0.162,0.4259774,0.6448776,0.315,0.7282985,0.6895867,0.291,0.592338,0.5792751,0.253,0.4822818,0.6807213,0.381,0.2737377,0.2873024,0.0784,0.3869311,0.2563353,0.139,0.191528,0.1590103,0.128,0.1218198,0.2050246,0.0675,0.2630654,0.1892125,0.168
0.25,0.8129572,0.5404351,0.274,0.3550099,0.2375699,0.175,0.4043457,0.6596408,0.325,0.684747,0.6768835,0.305,0.4761225,0.571899,0.25,0.4780516,0.7401959,0.334,0.2360593,0.2644377,0.0796,0.3680546,0.2661479,0.12,0.1735212,0.1618336,0.127,0.1361931,0.1961852,0.0677,0.276401,0.1896846,0.2
0.26,0.8003548,0.4935613,0.291,0.3555659,0.236014,0.201,0.3957189,0.6611877,0.305,0.6420886,0.6636382,0.339,0.4723747,0.511521,0.236,0.5530268,0.7746376,0.328,0.2378913,0.2112036,0.0702,0.4081998,0.2770745,0.11,0.1755263,0.1658121,0.128,0.1374983,0.1632255,0.0653,0.3078461,0.1829384,0.213
0.28,0.7195173,0.4207981,0.264,0.2968276,0.2363667,0.214,0.4275954,0.6255904,0.275,0.5762047,0.6523355,0.355,0.5199578,0.6159028,0.215,0.7054017,0.7578313,0.338,0.3006046,0.1870354,0.0736,0.3340519,0.308253,0.106,0.1994034,0.210814,0.117,0.138462,0.1656534,0.0618,0.4013258,0.1720113,0.243
0.29,0.6801521,0.4125221,0.236,0.2668607,0.2475616,0.195,0.4721516,0.5890998,0.277,0.5649345,0.6519201,0.319,0.5008774,0.6762808,0.186,0.7013262,0.6893543,0.372,0.2951674,0.1663713,0.0693,0.2617844,0.3021143,0.113,0.2176414,0.2199398,0.13,0.1594934,0.1725451,0.0564,0.4107291,0.1870046,0.231
0.3,0.651731,0.4326212,0.213,0.2824785,0.3028775,0.168,0.4626569,0.5403453,0.251,0.5605962,0.6396068,0.266,0.4864002,0.6521158,0.176,0.6454331,0.5972126,0.362,0.2718756,0.1609136,0.0761,0.2172948,0.2618714,0.118,0.2463518,0.2152655,0.144,0.1765884,0.1767631,0.057,0.4230429,0.1943811,0.208
0.32,0.6672057,0.4539415,0.19,0.3539103,0.2960311,0.124,0.4728825,0.5340378,0.203,0.5078264,0.6218224,0.202,0.4448179,0.4687511,0.182,0.4521111,0.5332615,0.322,0.3098709,0.2132911,0.0701,0.2349872,0.3216984,0.126,0.2602218,0.178626,0.125,0.1648927,0.2013716,0.0757,0.4536313,0.1976701,0.17
0.34,0.5924855,0.3987679,0.198,0.4456358,0.2613723,0.121,0.4114486,0.5448952,0.205,0.4318838,0.633395,0.177,0.4416695,0.4850257,0.196,0.4446408,0.5027444,0.313,0.2911817,0.1872699,0.0961,0.2246535,0.2903095,0.114,0.2812618,0.1700419,0.121,0.1522971,0.1989442,0.0926,0.4257923,0.1765824,0.124
0.35,0.5908319,0.4201553,0.2,0.4259759,0.2688469,0.108,0.3595808,0.5416885,0.215,0.4136477,0.6363944,0.182,0.4231158,0.5028448,0.215,0.4849256,0.5065827,0.314,0.2555385,0.1694676,0.102,0.1957164,0.2824367,0.107,0.2762403,0.184804,0.117,0.1570624,0.2045479,0.0903,0.3918262,0.1730204,0.124
0.36,0.6594111,0.4475716,0.198,0.3827896,0.287921,0.112,0.3528423,0.561785,0.215,0.4103698,0.6363479,0.194,0.4370606,0.519121,0.203,0.5041729,0.5561141,0.272,0.2265208,0.1728315,0.0967,0.1869287,0.2754411,0.101,0.2523889,0.2250139,0.13,0.1593872,0.2188595,0.095,0.3622509,0.1744414,0.125
0.38,0.6754949,0.4845847,0.187,0.33709,0.2874494,0.132,0.3561286,0.5407729,0.202,0.4246431,0.6355692,0.221,0.4492,0.4764677,0.165,0.4490774,0.6068556,0.248,0.1999642,0.1642899,0.0767,0.1723635,0.26469,0.0983,0.1936401,0.2552208,0.158,0.1485151,0.2279291,0.104,0.3165084,0.1744556,0.11
0.4,0.6120297,0.571211,0.186,0.3274099,0.2475082,0.151,0.3908409,0.5186734,0.207,0.4416403,0.6394712,0.232,0.4688969,0.4379796,0.155,0.435565,0.6835969,0.27,0.2056915,0.1644218,0.0779,0.163398,0.2944422,0.103,0.1708624,0.2234109,0.146,0.1687605,0.2329824,0.0936,0.2862082,0.1575116,0.0929
0.42,0.5693891,0.5050506,0.176,0.3688763,0.2037833,0.161,0.4702879,0.5735673,0.205,0.4565716,0.6477609,0.228,0.5657507,0.4211396,0.176,0.4463915,0.7838824,0.247,0.1627077,0.1897373,0.0694,0.1884005,0.3167487,0.111,0.1655532,0.2156962,0.131,0.1781054,0.2663538,0.0675,0.2594226,0.1404853,0.0763
0.44,0.7364107,0.4904124,0.148,0.3900413,0.2074468,0.163,0.5172439,0.5952692,0.211,0.4805264,0.6632227,0.217,0.579928,0.4344321,0.161,0.4717451,0.8278921,0.219,0.1591967,0.1812067,0.0787,0.1852999,0.3326366,0.127,0.1602578,0.1936991,0.147,0.1601009,0.2824833,0.0669,0.2186911,0.1547958,0.0649
0.45,0.8089415,0.492062,0.132,0.365935,0.2122133,0.161,0.5508138,0.6155428,0.213,0.4951522,0.6731498,0.24,0.6099461,0.4246874,0.162,0.491079,0.8424397,0.217,0.1661995,0.1733881,0.0863,0.1773746,0.3311096,0.123,0.157856,0.2060024,0.158,0.159331,0.2807645,0.0707,0.191906,0.1559438,0.0694
0.46,0.8387655,0.4910142,0.126,0.3297375,0.2108641,0.155,0.5740933,0.6107243,0.213,0.4986179,0.682935,0.262,0.6399521,0.4054903,0.169,0.4788313,0.8700298,0.218,0.1681395,0.1680875,0.0964,0.1578757,0.3256079,0.117,0.1615292,0.2099902,0.169,0.1616168,0.2722548,0.0759,0.1640767,0.1505197,0.07
0.48,0.7868146,0.4804482,0.118,0.3027982,0.1941957,0.137,0.5906534,0.6190729,0.239,0.4909979,0.6994509,0.293,0.6619675,0.4885958,0.172,0.5123948,0.8664365,0.21,0.1526776,0.1637162,0.104,0.1556139,0.3027136,0.102,0.180596,0.2240858,0.172,0.1721802,0.2548569,0.0779,0.1442125,0.1368254,0.0821
0.5,0.7376253,0.5175062,0.135,0.3302267,0.1955137,0.11,0.5714035,0.654291,0.299,0.5015535,0.7072785,0.333,0.629436,0.5611822,0.165,0.601492,0.8513957,0.19,0.1597551,0.168587,0.0947,0.1501885,0.2644363,0.0891,0.1912571,0.217411,0.151,0.1887858,0.2578203,0.0692,0.1314018,0.1354527,0.102
0.55,0.7345428,0.5566164,0.173,0.3976776,0.1817496,0.092,0.4043173,0.8834938,0.344,0.5270755,0.7109831,0.274,0.5343243,0.5479318,0.179,0.6213999,0.7125403,0.19,0.1038303,0.133177,0.108,0.1156074,0.2139833,0.0613,0.2653091,0.2715031,0.15,0.194773,0.242839,0.0679,0.1613033,0.1869043,0.0828
0.6,0.5392782,0.5719004,0.174,0.5178605,0.1966603,0.0832,0.312266,0.8557882,0.487,0.5392236,0.7304977,0.232,0.4384025,0.3921784,0.174,0.5815254,0.6228552,0.187,0.1194158,0.1300067,0.109,0.1056554,0.182838,0.0546,0.2841517,0.3115755,0.166,0.1818219,0.2851857,0.092,0.2049952,0.2029488,0.0638
0.65,0.4909773,0.4516414,0.149,0.5368779,0.2113165,0.113,0.3236297,0.7942687,0.473,0.5394149,0.7189216,0.179,0.4281144,0.4213398,0.113,0.511982,0.5440006,0.174,0.1096656,0.1171282,0.0985,0.07134455,0.1695555,0.0552,0.2694596,0.3171608,0.143,0.2423999,0.3932048,0.0887,0.1632813,0.1266385,0.0486
0.667,0.5055289,0.4217544,0.135,0.4967332,0.2004602,0.119,0.3512866,0.7667917,0.456,0.5379806,0.7069869,0.207,0.446481,0.4470463,0.107,0.5003657,0.5287977,0.145,0.102943,0.1115519,0.0897,0.06745218,0.1600918,0.0552,0.2981648,0.3019391,0.127,0.2629558,0.4052842,0.0836,0.146678,0.1259653,0.0485
0.7,0.5563492,0.4303173,0.107,0.393378,0.1723852,0.123,0.3728552,0.7512383,0.423,0.5322161,0.6762897,0.286,0.5392241,0.4431628,0.116,0.5930632,0.4829993,0.122,0.09113216,0.1234244,0.07,0.08117557,0.1524537,0.0488,0.3390759,0.3027057,0.117,0.2977771,0.4000514,0.0625,0.1219896,0.1400117,0.0484
0.75,0.4369805,0.4336465,0.0895,0.2602155,0.1905103,0.106,0.3650779,0.6530291,0.341,0.5156027,0.6244088,0.282,0.4544567,0.4253376,0.0973,0.5407496,0.3644744,0.1,0.08957771,0.1062401,0.0525,0.08511375,0.1118324,0.0423,0.4178844,0.258983,0.124,0.2797673,0.3589948,0.0808,0.1421759,0.1382482,0.0389
0.8,0.5055798,0.4367309,0.0882,0.2435168,0.1980145,0.0812,0.318439,0.6707768,0.297,0.5062883,0.5702153,0.199,0.4416905,0.4283243,0.107,0.4630924,0.2651599,0.0776,0.08392105,0.0889073,0.0449,0.09351267,0.1148259,0.0468,0.4300563,0.2111602,0.105,0.2981679,0.2957522,0.0751,0.1630705,0.1201989,0.0288
0.85,0.5636786,0.3404033,0.084,0.2185882,0.2068661,0.0637,0.2278178,0.646808,0.239,0.532905,0.5126808,0.188,0.5230388,0.3881089,0.116,0.4049596,0.2129242,0.0918,0.06900162,0.08155942,0.0369,0.1013326,0.09475873,0.0497,0.3685898,0.2134056,0.095,0.2493303,0.2830003,0.0812,0.1716459,0.116615,0.0314
0.9,0.4934897,0.3426742,0.0807,0.2135923,0.1882493,0.0592,0.1836441,0.5625337,0.181,0.5468721,0.4554802,0.181,0.4703366,0.3367036,0.113,0.4040981,0.2360931,0.106,0.04747435,0.06624232,0.0355,0.09393293,0.1129593,0.0522,0.2640065,0.2763904,0.0794,0.2336675,0.3239397,0.0819,0.1234163,0.113632,0.0222
0.95,0.499505,0.2871428,0.0784,0.2156888,0.1783139,0.0571,0.15471,0.5079085,0.145,0.55132,0.4029371,0.143,0.4718248,0.2749427,0.0938,0.5141513,0.3232838,0.131,0.03863864,0.06165998,0.0307,0.09004709,0.1221153,0.0448,0.1815963,0.2708844,0.0574,0.2032026,0.3474636,0.075,0.09314823,0.1163291,0.0164
1,0.4698208,0.2785575,0.061,0.2163342,0.1468456,0.0557,0.1638636,0.42351,0.118,0.5466565,0.4032873,0.106,0.4567448,0.2260934,0.0901,0.5093288,0.3284977,0.141,0.03348954,0.05269359,0.0278,0.08800888,0.1101156,0.0445,0.1517492,0.2227079,0.0428,0.2161062,0.3655412,0.0647,0.07314616,0.09962042,0.0135
1.1,0.3752064,0.2678662,0.0473,0.2186935,0.1313509,0.0517,0.173294,0.4178721,0.106,0.5084752,0.310396,0.0862,0.3193711,0.2382191,0.0875,0.4142163,0.2334867,0.106,0.03216352,0.04204579,0.0255,0.07460532,0.07074554,0.051,0.1099546,0.1836958,0.0265,0.1948767,0.3868647,0.0742,0.05477837,0.08591774,0.0113
1.2,0.3289086,0.3451333,0.0542,0.2667494,0.1504325,0.0449,0.1353909,0.326383,0.0863,0.4428722,0.2700205,0.0796,0.3152737,0.2985537,0.07,0.304948,0.2061357,0.0601,0.02969063,0.04520613,0.0335,0.06734936,0.06968533,0.0392,0.09028701,0.116721,0.0251,0.1705256,0.4097619,0.0727,0.04378804,0.07436931,0.0104
1.3,0.2713536,0.2909978,0.0577,0.2577363,0.1278943,0.0395,0.1045118,0.2476243,0.0562,0.3797025,0.2381509,0.0662,0.3814552,0.2712979,0.0548,0.2650635,0.1544053,0.0615,0.02965583,0.04013012,0.0344,0.06498663,0.1084932,0.0397,0.09457762,0.07566276,0.0202,0.1892343,0.2911833,0.0532,0.03304648,0.04406225,0.00833
1.4,0.1959887,0.2103836,0.0405,0.216504,0.1312235,0.0376,0.08724827,0.2247153,0.0461,0.3232292,0.2087348,0.0506,0.3497472,0.2448521,0.0575,0.2267249,0.111641,0.056,0.02589929,0.02548958,0.0445,0.06886338,0.1223285,0.0417,0.1094892,0.05778711,0.0191,0.143905,0.2454378,0.0465,0.0281682,0.0324195,0.00862
1.5,0.1595482,0.1902803,0.0454,0.2158126,0.1442269,0.0355,0.07332803,0.1930267,0.04,0.2788382,0.1816488,0.0496,0.2311098,0.2211673,0.0649,0.2378625,0.1019812,0.0521,0.02328027,0.02395982,0.0481,0.07376829,0.105998,0.0346,0.09390087,0.05453478,0.0174,0.1335755,0.2086897,0.0445,0.02228745,0.03395826,0.00792
1.6,0.1642607,0.1858917,0.0414,0.2121319,0.1645524,0.0373,0.05287753,0.1583468,0.0342,0.2611651,0.1574136,0.0483,0.1537716,0.1501361,0.0644,0.2503459,0.08080907,0.0509,0.02384637,0.02085569,0.039,0.1026171,0.1117188,0.0327,0.0739885,0.06192046,0.0198,0.1347751,0.1646033,0.0409,0.01667797,0.03118154,0.00797
1.7,0.1808029,0.1825787,0.0464,0.2023433,0.1461021,0.0388,0.03991399,0.1355694,0.0324,0.2399334,0.1395516,0.046,0.1437472,0.1601078,0.0637,0.2603922,0.07130287,0.0512,0.02056319,0.01837073,0.0297,0.1126046,0.1260894,0.0347,0.06798363,0.0563347,0.0181,0.1270917,0.1472118,0.0366,0.01319275,0.02719685,0.00639
1.8,0.1936434,0.1815567,0.0456,0.1843309,0.1397836,0.0353,0.03570308,0.118476,0.0316,0.2171062,0.1196977,0.0444,0.1270227,0.1759828,0.0653,0.2747652,0.0678964,0.0576,0.01752907,0.01681108,0.026,0.08735739,0.09663063,0.0333,0.05661171,0.03772927,0.013,0.1169843,0.1534132,0.0388,0.01159873,0.02008128,0.00652
1.9,0.1993262,0.2004985,0.0388,0.1669861,0.1307996,0.0391,0.03263925,0.1093655,0.031,0.1890553,0.1085739,0.0418,0.1172404,0.1287285,0.0682,0.2806054,0.06670795,0.0665,0.01774666,0.02068453,0.0251,0.06702138,0.07124083,0.0312,0.05327648,0.03052352,0.0149,0.1047776,0.1492551,0.0375,0.01134447,0.01742053,0.00627
2,0.1975384,0.2276775,0.0391,0.1584684,0.1520958,0.0445,0.0304788,0.09871399,0.0286,0.1617364,0.1044065,0.0426,0.1319656,0.1306668,0.0807,0.2766798,0.06607002,0.0701,0.01621662,0.02121557,0.0241,0.05887333,0.06324715,0.0295,0.05225713,0.0316711,0.014,0.0982195,0.1464474,0.0369,0.00896856,0.01470585,0.00578
2.2,0.1929871,0.17823,0.0307,0.1357027,0.1592396,0.037,0.02552387,0.07094052,0.0212,0.1235346,0.07847585,0.0322,0.1367109,0.147645,0.0748,0.2936048,0.06023334,0.0742,0.01303046,0.01429384,0.0212,0.0446441,0.04694119,0.0271,0.04784475,0.03910371,0.0141,0.07198051,0.1358244,0.0293,0.00740382,0.00914034,0.00612
2.4,0.1705116,0.1355279,0.0269,0.1113767,0.146144,0.0442,0.03309732,0.06421395,0.0181,0.1011512,0.06029594,0.0197,0.1500447,0.1051538,0.0813,0.2843013,0.05089726,0.0654,0.01076069,0.01376625,0.0192,0.0477513,0.04486803,0.022,0.04257329,0.02829729,0.0221,0.04399335,0.1082485,0.0263,0.00694982,0.00678389,0.0053
2.5,0.154897,0.12237,0.0302,0.09901892,0.1350709,0.0497,0.03250076,0.06185784,0.0186,0.09151142,0.05473967,0.0193,0.1605591,0.1134705,0.0879,0.2612733,0.06033494,0.0559,0.00997115,0.01303269,0.0152,0.03971526,0.04490266,0.0201,0.03485905,0.02480427,0.0251,0.03901231,0.09962354,0.0262,0.00586418,0.00583753,0.00423
2.6,0.1390646,0.1194088,0.0318,0.08713684,0.1153842,0.0495,0.02923822,0.05602933,0.0162,0.08280157,0.04893447,0.0183,0.1493956,0.1059719,0.0832,0.233427,0.06128617,0.0465,0.00938478,0.01160807,0.0175,0.0308521,0.03821328,0.0214,0.0291023,0.02153734,0.0265,0.03795215,0.09111586,0.0253,0.005159,0.00529075,0.00367
2.8,0.1257269,0.1131581,0.0279,0.07663102,0.08616775,0.0427,0.02694463,0.0393228,0.0105,0.06787486,0.04141653,0.0148,0.1210546,0.1264183,0.09,0.1788274,0.04865551,0.0366,0.00874595,0.01377818,0.0238,0.02983972,0.03242955,0.0187,0.02349849,0.01560222,0.0213,0.03883405,0.07066943,0.0228,0.00449422,0.00445099,0.00319
3,0.1044559,0.108098,0.0278,0.05426089,0.0905488,0.035,0.02235477,0.03259171,0.00794,0.05578959,0.03687713,0.0115,0.1163929,0.09164643,0.103,0.1555192,0.04109238,0.0396,0.0100652,0.01707571,0.022,0.02628302,0.02833075,0.0159,0.01893364,0.01559043,0.0186,0.03808293,0.05737605,0.0172,0.00426769,0.00382075,0.00344
3.2,0.07917733,0.09402144,0.0235,0.04543399,0.1069394,0.0294,0.01552654,0.02331105,0.00677,0.0460324,0.03293762,0.00925,0.116627,0.1008402,0.0981,0.1430737,0.03279629,0.0395,0.01167941,0.01727225,0.0235,0.0294181,0.0297535,0.0153,0.01425998,0.01686023,0.0165,0.03357315,0.05141389,0.0149,0.00424876,0.00356503,0.0041
3.4,0.06693842,0.08226632,0.021,0.04031728,0.1249887,0.02,0.01162837,0.02409322,0.00637,0.03817127,0.02950815,0.00772,0.1093302,0.09752889,0.09,0.1417673,0.02737707,0.0379,0.01091762,0.01807106,0.0233,0.02918794,0.03399157,0.0204,0.013674,0.01591586,0.0148,0.02966543,0.05116311,0.0157,0.00407023,0.00347064,0.00401
3.5,0.0622342,0.07822532,0.02,0.04399323,0.1235806,0.017,0.01060185,0.02380398,0.00621,0.03483402,0.02796124,0.00718,0.115135,0.0895732,0.0827,0.1409226,0.02632629,0.0362,0.00989876,0.01894009,0.0233,0.02860193,0.03726438,0.022,0.01456366,0.0146028,0.0149,0.02807566,0.05166147,0.0153,0.00380168,0.0032961,0.00368
3.6,0.05766828,0.07432817,0.0189,0.04812595,0.1165818,0.0144,0.00984765,0.02269515,0.00629,0.03184088,0.0265162,0.0067,0.1186588,0.08022133,0.0722,0.1385447,0.02567383,0.0366,0.00847609,0.01968636,0.0235,0.02963011,0.03924309,0.0226,0.01556136,0.01299931,0.0156,0.02625935,0.05162863,0.0144,0.00345797,0.00302649,0.00334
3.8,0.04918168,0.06690589,0.0188,0.0543588,0.1001506,0.0108,0.00878503,0.02058399,0.00597,0.02767909,0.02390767,0.00587,0.1023567,0.08277541,0.0579,0.1297424,0.02629472,0.0353,0.00726365,0.01892103,0.0174,0.02924029,0.0403652,0.0255,0.01873177,0.0122135,0.0176,0.02333967,0.04871055,0.0167,0.00292349,0.00243902,0.00323
4,0.04173692,0.06013742,0.0177,0.06247104,0.08304029,0.00913,0.00780941,0.022231,0.00514,0.02520088,0.02162342,0.00518,0.08745295,0.07867894,0.0537,0.1174712,0.02513153,0.0338,0.00827116,0.02111245,0.0182,0.02913402,0.03291485,0.0266,0.02203097,0.0133354,0.0181,0.02209975,0.04270216,0.0169,0.00316513,0.00247737,0.00333
4.2,0.03536598,0.05411707,0.0168,0.0723093,0.06540155,0.00913,0.00668135,0.0223484,0.0048,0.02300075,0.01962386,0.00461,0.09445122,0.0727575,0.0559,0.1041129,0.02216545,0.0325,0.00858474,0.02526389,0.0208,0.02643859,0.02648712,0.0251,0.02424949,0.01352141,0.018,0.02160791,0.03823872,0.0167,0.00352708,0.00243254,0.00346
4.4,0.02999279,0.04861961,0.0158,0.08111138,0.05975894,0.00945,0.00547014,0.02099011,0.00446,0.02104782,0.01786484,0.00412,0.1029032,0.07372254,0.0483,0.09123682,0.02143663,0.03,0.00805512,0.02679025,0.0244,0.02256678,0.02464548,0.0215,0.02468182,0.01362631,0.0177,0.02127312,0.03728212,0.015,0.00375667,0.00252143,0.00384
4.6,0.02550612,0.04637348,0.0133,0.08244853,0.06209122,0.00923,0.00522655,0.01868426,0.00401,0.01930987,0.01631556,0.00371,0.1174868,0.0882621,0.046,0.08278345,0.02085807,0.0263,0.00902255,0.02579341,0.0217,0.01849804,0.02124893,0.0176,0.02355132,0.01335117,0.0167,0.0209617,0.03427576,0.0133,0.00362614,0.0025505,0.00408
4.8,0.02178089,0.04982929,0.0119,0.07600878,0.0611487,0.00837,0.00503135,0.01601464,0.00355,0.01776326,0.01494703,0.00335,0.1046472,0.112209,0.0471,0.07591233,0.02007872,0.0224,0.00821775,0.02240752,0.0187,0.01402677,0.01952559,0.0147,0.02180142,0.01196593,0.0156,0.02121224,0.03048632,0.0122,0.00363603,0.00248759,0.00431
5,0.01870108,0.05693576,0.0106,0.06361675,0.05286749,0.0076,0.00453844,0.01343607,0.00314,0.01638121,0.01373327,0.00307,0.09021538,0.1220713,0.0461,0.06928924,0.02014968,0.0205,0.00731909,0.01792377,0.0201,0.01109722,0.01899168,0.0122,0.02030964,0.01058444,0.0141,0.02086424,0.02808448,0.012,0.00372362,0.00246162,0.0046
5.5,0.01451015,0.05427442,0.00783,0.0346756,0.03841164,0.00624,0.0032643,0.00879589,0.00241,0.01352375,0.01124888,0.00254,0.07821665,0.0980989,0.0424,0.05426928,0.02095566,0.0181,0.00475569,0.01334409,0.0226,0.01255921,0.01323857,0.00849,0.01315653,0.00667577,0.0102,0.0163291,0.02531844,0.0123,0.0038376,0.00270001,0.00532
6,0.01193646,0.04510888,0.00635,0.02317467,0.02498969,0.00435,0.00269191,0.00688209,0.00201,0.01132543,0.00936252,0.00214,0.08722715,0.08025286,0.0493,0.05144914,0.01965747,0.0158,0.00398032,0.01065678,0.0144,0.01006262,0.0115914,0.00711,0.01120372,0.00550081,0.00665,0.01099012,0.02522725,0.00941,0.00385913,0.00321704,0.00592
6.5,0.01028977,0.03526952,0.00477,0.01681278,0.02202265,0.00296,0.00216451,0.00649902,0.00175,0.00960793,0.00790253,0.00183,0.07528601,0.08969881,0.0481,0.05050999,0.01772834,0.0131,0.00346291,0.01113668,0.0106,0.01063078,0.0121402,0.00469,0.01257504,0.00537803,0.00419,0.00782999,0.02212163,0.00885,0.00375989,0.00290289,0.00628
7,0.00799019,0.03160993,0.00345,0.01529713,0.0198305,0.00237,0.00174866,0.00657784,0.00153,0.00824571,0.00675335,0.00159,0.07287112,0.1086011,0.034,0.05274686,0.01669545,0.0107,0.00358158,0.0102068,0.00945,0.01316477,0.01120001,0.00571,0.01331784,0.00628974,0.00364,0.00820466,0.01668395,0.0102,0.004015,0.00335675,0.00615
7.5,0.00670824,0.02689282,0.00288,0.01566558,0.02408613,0.00199,0.00143967,0.00660183,0.00133,0.00714928,0.00583481,0.00139,0.07707489,0.1117008,0.0275,0.05252077,0.01710862,0.00826,0.00422366,0.00694032,0.00712,0.01419709,0.01126152,0.0055,0.01421834,0.00572514,0.00349,0.0077961,0.01548975,0.011,0.004596,0.00371614,0.00592
8,0.00569521,0.02315697,0.00248,0.01596702,0.02464088,0.00175,0.00121304,0.00642608,0.00115,0.00625531,0.00509045,0.00123,0.09188244,0.102458,0.022,0.04965001,0.01634316,0.00626,0.00503944,0.00520395,0.00533,0.01347302,0.01218176,0.00533,0.01491854,0.00376067,0.00304,0.00657287,0.01424255,0.0119,0.004989,0.00380462,0.00563
8.5,0.00488627,0.01927218,0.00215,0.01641083,0.02135986,0.00151,0.00105338,0.00606927,0.000984,0.00551773,0.00447917,0.00109,0.1000341,0.08019011,0.0174,0.04470873,0.01466714,0.00482,0.00524228,0.00442842,0.0048,0.01135916,0.01191252,0.00556,0.01397167,0.00319547,0.00295,0.00584944,0.01282482,0.0118,0.00515363,0.00393767,0.00544
9,0.00423226,0.01566278,0.00188,0.01637473,0.02122752,0.00126,0.00092319,0.00559708,0.000846,0.00490277,0.00397138,0.000979,0.09556364,0.0635974,0.0142,0.0386323,0.0123131,0.00382,0.0043767,0.00450983,0.00495,0.01009511,0.01100694,0.00479,0.01212068,0.00287329,0.0026,0.00519439,0.01119535,0.0104,0.00534416,0.0039331,0.00526
9.5,0.0036976,0.0125106,0.00166,0.01729839,0.02135586,0.00102,0.00081616,0.0050737,0.00073,0.00438491,0.00354517,0.000882,0.09323379,0.05243117,0.0146,0.03364725,0.01125727,0.00315,0.00378007,0.00429931,0.00502,0.00879765,0.01058837,0.0038,0.00996189,0.00280371,0.00208,0.00473613,0.00998492,0.0097,0.00522684,0.00381917,0.00501
10,0.003256,0.00985598,0.00147,0.01687846,0.02038461,0.00095,0.00073138,0.00454631,0.000634,0.00394479,0.00318407,0.0008,0.08603048,0.04315703,0.014,0.0304846,0.01028884,0.0027,0.00323713,0.00419551,0.00471,0.00747267,0.00973441,0.00296,0.00895201,0.00329627,0.00158,0.00435,0.00916619,0.00875,0.00515104,0.00369555,0.00474
11,0.00264622,0.00847724,0.00117,0.01343308,0.01745448,0.000855,0.00060364,0.00358336,0.000489,0.00324219,0.00260982,0.000665,0.06412218,0.02857467,0.0102,0.02319059,0.00780753,0.0023,0.00197213,0.00398179,0.00344,0.00517334,0.00841588,0.00202,0.00758153,0.00330269,0.00118,0.00390929,0.00810102,0.00679,0.00458867,0.0035189,0.00404
12,0.00223141,0.00641583,0.000957,0.00898379,0.01292332,0.000746,0.0005083,0.00280693,0.00039,0.00271196,0.00217831,0.000562,0.05035961,0.02159845,0.00864,0.01818203,0.00598972,0.00208,0.00133863,0.00319245,0.00261,0.00358503,0.00690956,0.00186,0.00620697,0.00252506,0.000838,0.00357104,0.00755905,0.00515,0.00392275,0.00312693,0.00335
13,0.00190663,0.00523435,0.000795,0.00719987,0.00896636,0.000635,0.00043403,0.00221404,0.000321,0.00230211,0.00184592,0.000481,0.03641579,0.01602599,0.00724,0.0140136,0.00478742,0.00187,0.00112871,0.00222274,0.00177,0.0029051,0.00491161,0.00181,0.00457604,0.00232819,0.000766,0.00338601,0.00657735,0.00408,0.00344135,0.00264949,0.00283
14,0.00164763,0.00452134,0.000671,0.00617246,0.00791425,0.000535,0.00037468,0.00177095,0.00027,0.00197879,0.00158443,0.000417,0.02610976,0.01194612,0.00566,0.01181581,0.00374632,0.00165,0.00092966,0.00149362,0.00119,0.00241284,0.00351699,0.00168,0.0031045,0.00196941,0.00067,0.00316427,0.00506724,0.00321,0.00296819,0.00222388,0.00242
15,0.00143786,0.00397763,0.000573,0.00508273,0.00657735,0.000448,0.00032646,0.00144099,0.000232,0.00171925,0.00137501,0.000364,0.02083004,0.00912821,0.00434,0.0101004,0.00303188,0.00143,0.00075165,0.00107379,0.000892,0.00201472,0.00301712,0.00146,0.00262211,0.00151411,0.000582,0.002867,0.00374962,0.00267,0.00249006,0.00192747,0.00198
20,0.00081328,0.00230688,0.000302,0.00203221,0.00273221,0.000231,0.00018254,0.0006592,0.00013,0.00095917,0.00076432,0.000207,0.00740979,0.00381431,0.00152,0.00467502,0.00135059,0.000735,0.00039861,0.00056166,0.000529,0.00090545,0.00118329,0.000433,0.00120876,0.00044279,0.000384,0.00123841,0.0021247,0.00133,0.00106399,0.00084386,0.000805
